-- phpMyAdmin SQL Dump
-- version 5.2.2
-- https://www.phpmyadmin.net/
--
-- Host: localhost
-- Waktu pembuatan: 03 Jun 2025 pada 05.14
-- Versi server: 8.0.41-0ubuntu0.24.04.1
-- Versi PHP: 8.3.6

SET SQL_MODE = "NO_AUTO_VALUE_ON_ZERO";
START TRANSACTION;
SET time_zone = "+00:00";


/*!40101 SET @OLD_CHARACTER_SET_CLIENT=@@CHARACTER_SET_CLIENT */;
/*!40101 SET @OLD_CHARACTER_SET_RESULTS=@@CHARACTER_SET_RESULTS */;
/*!40101 SET @OLD_COLLATION_CONNECTION=@@COLLATION_CONNECTION */;
/*!40101 SET NAMES utf8mb4 */;

--
-- Database: `klinik_azizi`
--

-- --------------------------------------------------------

--
-- Struktur dari tabel `admins`
--

CREATE TABLE `admins` (
  `id` bigint UNSIGNED NOT NULL,
  `created_at` timestamp NULL DEFAULT NULL,
  `updated_at` timestamp NULL DEFAULT NULL
) ENGINE=InnoDB DEFAULT CHARSET=utf8mb4 COLLATE=utf8mb4_unicode_ci;

-- --------------------------------------------------------

--
-- Struktur dari tabel `failed_jobs`
--

CREATE TABLE `failed_jobs` (
  `id` bigint UNSIGNED NOT NULL,
  `uuid` varchar(255) CHARACTER SET utf8mb4 COLLATE utf8mb4_unicode_ci NOT NULL,
  `connection` text CHARACTER SET utf8mb4 COLLATE utf8mb4_unicode_ci NOT NULL,
  `queue` text CHARACTER SET utf8mb4 COLLATE utf8mb4_unicode_ci NOT NULL,
  `payload` longtext CHARACTER SET utf8mb4 COLLATE utf8mb4_unicode_ci NOT NULL,
  `exception` longtext CHARACTER SET utf8mb4 COLLATE utf8mb4_unicode_ci NOT NULL,
  `failed_at` timestamp NOT NULL DEFAULT CURRENT_TIMESTAMP
) ENGINE=InnoDB DEFAULT CHARSET=utf8mb4 COLLATE=utf8mb4_unicode_ci;

-- --------------------------------------------------------

--
-- Struktur dari tabel `migrations`
--

CREATE TABLE `migrations` (
  `id` int UNSIGNED NOT NULL,
  `migration` varchar(255) CHARACTER SET utf8mb4 COLLATE utf8mb4_unicode_ci NOT NULL,
  `batch` int NOT NULL
) ENGINE=InnoDB DEFAULT CHARSET=utf8mb4 COLLATE=utf8mb4_unicode_ci;

--
-- Dumping data untuk tabel `migrations`
--

INSERT INTO `migrations` (`id`, `migration`, `batch`) VALUES
(1, '2014_10_12_000000_create_users_table', 1),
(2, '2014_10_12_100000_create_password_reset_tokens_table', 1),
(3, '2019_08_19_000000_create_failed_jobs_table', 1),
(4, '2019_12_14_000001_create_personal_access_tokens_table', 1),
(5, '2025_02_08_095837_create_admins_table', 1),
(6, '2025_02_08_100713_add_is_admin_to_users_table', 1),
(7, '2025_02_08_102608_create_obats_table', 1),
(8, '2025_02_08_102615_create_transaksis_table', 1),
(9, '2025_02_08_115019_create_transaksi_details_table', 1),
(10, '2025_02_08_120307_remove_obat_id_from_transaksis', 1),
(11, '2025_02_08_120803_remove_obat_id_and_jumlah_from_transaksis', 1);

-- --------------------------------------------------------

--
-- Struktur dari tabel `obats`
--

CREATE TABLE `obats` (
  `id` bigint UNSIGNED NOT NULL,
  `nama_obat` varchar(255) CHARACTER SET utf8mb4 COLLATE utf8mb4_unicode_ci NOT NULL,
  `stok` int NOT NULL,
  `harga` decimal(10,2) NOT NULL,
  `created_at` timestamp NULL DEFAULT NULL,
  `updated_at` timestamp NULL DEFAULT NULL
) ENGINE=InnoDB DEFAULT CHARSET=utf8mb4 COLLATE=utf8mb4_unicode_ci;

--
-- Dumping data untuk tabel `obats`
--

INSERT INTO `obats` (`id`, `nama_obat`, `stok`, `harga`, `created_at`, `updated_at`) VALUES
(1, 'Amoxicillin', 13, 7000.00, '2025-03-24 04:46:47', '2025-05-14 02:34:30'),
(2, 'Acyclovair 400 HJ', 38, 22500.00, '2025-03-24 04:55:02', '2025-05-14 02:31:05'),
(3, 'Acifar cr', 20, 19500.00, '2025-03-24 04:57:57', '2025-04-26 04:01:56'),
(4, 'Alerzin', 13, 15000.00, '2025-03-24 04:59:47', '2025-05-06 17:14:24'),
(5, 'Alerzin Tab 10mg', 13, 20000.00, '2025-03-24 05:00:28', '2025-05-06 17:14:25'),
(6, 'Alofar 100', 13, 10000.00, '2025-03-24 05:01:20', '2025-03-24 19:15:27'),
(7, 'Altamed Glove M', 47, 20000.00, '2025-03-24 05:02:04', '2025-05-14 02:41:00'),
(8, 'Ambroxol Syrup', 11, 15000.00, '2025-03-24 05:03:03', '2025-03-24 19:14:22'),
(9, 'Aminopilin Coronet 10', 12, 13000.00, '2025-03-24 05:03:43', '2025-05-06 17:23:27'),
(10, 'Amlodipin 5mg', 12, 6000.00, '2025-03-24 05:04:32', '2025-05-14 02:41:01'),
(11, 'Amlodipine 10 Samparindo', 77, 12000.00, '2025-03-24 05:05:18', '2025-05-14 02:38:10'),
(12, 'Andalan KB Tab', 21, 10000.00, '2025-03-24 05:06:31', '2025-05-06 17:03:17'),
(13, 'Antrain inj', 44, 15000.00, '2025-03-24 05:07:44', '2025-05-14 02:38:10'),
(14, 'Armacort Cream', 12, 15000.00, '2025-03-24 05:08:19', '2025-05-14 02:41:01'),
(15, 'Asering', 15, 18000.00, '2025-03-24 05:08:48', '2025-05-06 17:03:17'),
(16, 'Aspilet', 75, 13000.00, '2025-03-24 05:09:16', '2025-05-14 02:43:50'),
(17, 'Baby Care', 40, 15500.00, '2025-03-24 05:09:50', '2025-03-24 05:09:50'),
(18, 'Bintamox Syrup', 44, 33400.00, '2025-03-24 05:10:23', '2025-05-14 02:30:11'),
(19, 'Bioplacenton', 4, 16000.00, '2025-03-24 05:10:57', '2025-05-14 02:43:49'),
(20, 'Bisoprolol 2.5 mg', 44, 23000.00, '2025-03-24 05:11:36', '2025-03-24 05:11:36'),
(21, 'Bledstop Tab', 20, 6000.00, '2025-03-24 05:12:04', '2025-03-24 05:12:04'),
(22, 'Bloodset OM', 37, 37000.00, '2025-03-24 05:12:50', '2025-03-24 05:12:50'),
(23, 'Brochifar Kaplet', 23, 10500.00, '2025-03-24 05:13:29', '2025-03-24 05:13:29'),
(24, 'Bronchitin Syrup 60ml', 47, 22000.00, '2025-03-24 05:14:23', '2025-03-24 05:14:23'),
(25, 'Bronex Tab', 21, 4000.00, '2025-03-24 05:14:48', '2025-05-06 17:03:17'),
(26, 'Bye-Bye Fever Anak', 95, 12000.00, '2025-03-24 05:15:29', '2025-04-23 02:24:18'),
(27, 'Bye-Bye Fever Dewasa', 20, 13000.00, '2025-03-24 05:16:02', '2025-03-24 05:16:02'),
(28, 'Cat Gut Cromic', 68, 20000.00, '2025-03-24 05:16:47', '2025-05-06 17:23:00'),
(29, 'Catezin Drop', 13, 7500.00, '2025-03-24 05:17:11', '2025-03-24 05:17:11'),
(30, 'Cavilsur Emulsion Syrup', 27, 13000.00, '2025-03-24 05:17:54', '2025-03-24 05:17:54'),
(31, 'Caviplex Tab', 55, 4000.00, '2025-03-24 05:18:40', '2025-03-24 05:18:40'),
(32, 'Cefradroxil 500 mg', 45, 7600.00, '2025-03-24 05:19:23', '2025-03-24 05:19:23'),
(33, 'Cendo Xitrol', 9, 5000.00, '2025-03-24 05:20:15', '2025-03-24 05:20:15'),
(34, 'Ciprofloxacin 100', 167, 8000.00, '2025-03-24 05:21:07', '2025-05-06 17:34:40'),
(35, 'Clonitia', 19, 5000.00, '2025-03-24 05:21:53', '2025-03-24 05:21:53'),
(36, 'Colfin Syrup', 66, 4500.00, '2025-03-24 05:22:34', '2025-03-24 05:22:34'),
(37, 'Combivent Nebule', 43, 13000.00, '2025-03-24 05:23:04', '2025-05-06 17:25:39'),
(38, 'Coparcetin Syrup', 19, 6000.00, '2025-03-24 05:23:41', '2025-03-24 05:23:41'),
(39, 'Chlorphenamine Maleate', 173, 1500.00, '2025-03-24 05:24:37', '2025-05-06 17:32:41'),
(40, 'Curcuma Force Tab', 9, 15000.00, '2025-03-24 05:25:10', '2025-05-06 17:31:52'),
(41, 'D5 Satoria', 3, 7000.00, '2025-03-24 05:25:36', '2025-05-06 17:25:39'),
(42, 'Danasone', 74, 10000.00, '2025-03-24 05:25:57', '2025-05-06 17:37:07'),
(43, 'Daneuron', 55, 13000.00, '2025-03-24 05:26:20', '2025-03-24 05:26:20'),
(44, 'Dehista Tab', 33, 14000.00, '2025-03-24 05:26:55', '2025-03-24 05:26:55'),
(45, 'Demacolin', 62, 6000.00, '2025-03-24 05:27:21', '2025-05-14 02:37:10'),
(46, 'Dexametasone inj 5mg', 54, 7000.00, '2025-03-24 05:28:03', '2025-05-06 17:23:00'),
(47, 'Dextem Plus', 8, 5000.00, '2025-03-24 05:28:25', '2025-05-04 00:52:25'),
(48, 'Dionicol', 38, 13000.00, '2025-03-24 05:28:50', '2025-05-06 17:13:56'),
(49, 'Dofen Tab', 5, 20000.00, '2025-03-24 05:29:11', '2025-03-24 05:29:11'),
(50, 'Elsiron', 31, 3300.00, '2025-03-24 05:29:36', '2025-05-14 02:17:49'),
(51, 'Emturnas Forte', 47, 12000.00, '2025-03-24 05:30:10', '2025-05-14 02:38:53'),
(52, 'Emturnas Tab', 40, 8000.00, '2025-03-24 05:30:33', '2025-03-24 05:30:33'),
(53, 'Erlamycetin Sm', 65, 5000.00, '2025-03-24 05:31:10', '2025-05-14 02:18:16'),
(54, 'Etabion', 31, 4000.00, '2025-03-24 05:31:31', '2025-05-06 17:11:00'),
(55, 'Farmoten', 53, 21000.00, '2025-03-24 05:31:58', '2025-05-06 17:18:45'),
(56, 'Farsifen 400mg', 18, 5000.00, '2025-03-24 05:32:22', '2025-05-14 02:17:33'),
(57, 'Farsifen Syrup', 57, 17000.00, '2025-03-24 05:32:51', '2025-05-14 02:19:36'),
(58, 'Fasidol Drop', 4, 13000.00, '2025-03-24 05:33:16', '2025-05-06 17:24:25'),
(59, 'Fasidol Syrup', 10, 17000.00, '2025-03-24 05:33:35', '2025-05-14 02:37:10'),
(60, 'Fenamin', 73, 4500.00, '2025-03-24 05:33:53', '2025-05-06 17:17:58'),
(61, 'Folycat Rush no.18', 5, 4000.00, '2025-03-24 05:34:30', '2025-03-24 05:34:30'),
(62, 'Furosemid', 54, 12000.00, '2025-03-24 05:34:53', '2025-05-14 02:27:01'),
(63, 'Genalten Cream', 27, 60000.00, '2025-03-24 05:35:24', '2025-05-04 00:54:06'),
(64, 'Genonit Salep Mata', 11, 37000.00, '2025-03-24 05:35:51', '2025-03-24 05:35:51'),
(65, 'Gentinam Violet AFI', 13, 12000.00, '2025-03-24 05:36:16', '2025-03-24 05:36:16'),
(66, 'GG Strip', 7, 8000.00, '2025-03-24 05:36:30', '2025-03-24 05:36:30'),
(67, 'Glibenclamid', 5, 17000.00, '2025-03-24 05:36:59', '2025-05-06 17:21:03'),
(68, 'Gom', 38, 18000.00, '2025-03-24 05:37:26', '2025-05-06 17:14:44'),
(69, 'Grafazol', 17, 6000.00, '2025-03-24 05:37:50', '2025-05-14 02:34:12'),
(70, 'Guanistrep Syrup', 6, 30000.00, '2025-03-24 05:38:27', '2025-03-24 05:38:27'),
(71, 'Hansaplast Standart', 1, 20000.00, '2025-03-24 05:39:15', '2025-03-24 05:39:15'),
(72, 'Helixin Syrup', 50, 40000.00, '2025-03-24 05:39:35', '2025-05-14 02:21:08'),
(73, 'Ifidex 0,5 mg 100', 44, 14000.00, '2025-03-24 05:40:04', '2025-05-14 02:43:49'),
(74, 'Inflo 18 Plus Inj', 33, 14000.00, '2025-03-24 05:40:41', '2025-03-24 05:40:41'),
(75, 'Inflo 20 plus Inj', 43, 15000.00, '2025-03-24 05:41:41', '2025-05-06 17:05:33'),
(76, 'Inflo 22 plus Inj', 44, 17000.00, '2025-03-24 05:42:00', '2025-03-24 05:42:00'),
(77, 'Inflo 24 plus Inj', 5, 18000.00, '2025-03-24 05:42:43', '2025-03-24 05:42:43'),
(78, 'Infus Set Anak OM', 6, 25000.00, '2025-03-24 05:43:29', '2025-03-24 05:43:29'),
(79, 'Infus Set Dewasa OM', 8, 50000.00, '2025-03-24 05:44:23', '2025-05-06 17:09:30'),
(80, 'Interhistin', 49, 6000.00, '2025-03-24 05:44:53', '2025-05-14 02:18:54'),
(81, 'Kaltrofen Sup', 9, 10000.00, '2025-03-24 05:45:27', '2025-05-06 17:21:03'),
(82, 'Kapas 1000 gram', 49, 25000.00, '2025-03-24 05:46:00', '2025-05-14 02:20:02'),
(83, 'Kasa 16 x 16 OM', 2, 25000.00, '2025-03-24 05:46:31', '2025-05-14 02:20:02'),
(84, 'Ketokonazol sk', 5, 16000.00, '2025-03-24 05:47:10', '2025-03-24 05:47:10'),
(85, 'Ketorolax inj 30 mg', 70, 15000.00, '2025-03-24 05:47:37', '2025-05-14 02:20:43'),
(86, 'Lambucid Tab', 6, 6000.00, '2025-03-24 05:48:03', '2025-03-24 05:48:03'),
(87, 'Lecozinc Syrup', 20, 34000.00, '2025-03-24 05:48:43', '2025-05-14 02:18:16'),
(88, 'Lecozinc Tab', 33, 20000.00, '2025-03-24 05:49:05', '2025-05-04 00:55:06'),
(89, 'Lerzin Cap', 13, 21000.00, '2025-03-24 05:49:26', '2025-03-24 05:49:26'),
(90, 'Lerzin Syrup', 27, 28000.00, '2025-03-24 05:49:48', '2025-05-06 17:05:34'),
(91, 'Lidocain', 5, 18000.00, '2025-03-24 05:50:19', '2025-05-14 02:43:49'),
(92, 'Lodecon', 23, 15000.00, '2025-03-24 05:50:36', '2025-03-24 05:50:36'),
(93, 'Lokev', 59, 16000.00, '2025-03-24 05:50:54', '2025-05-14 02:41:01'),
(94, 'Locev Capsul', 18, 20000.00, '2025-03-24 05:51:21', '2025-05-06 17:21:42'),
(95, 'Loperamid', 20, 18000.00, '2025-03-24 05:51:41', '2025-03-24 05:51:41'),
(96, 'Losacef 500mg', 23, 7500.00, '2025-03-24 05:52:18', '2025-05-14 02:21:08'),
(97, 'Magnidion', 6, 5000.00, '2025-03-24 05:52:38', '2025-03-24 05:52:38'),
(98, 'Makro B', 6, 15000.00, '2025-03-24 05:52:58', '2025-03-24 05:52:58'),
(99, 'Mantinno Tab', 53, 14000.00, '2025-03-24 05:53:22', '2025-05-14 02:34:11'),
(100, 'Menadiol', 67, 17000.00, '2025-03-24 05:53:43', '2025-03-24 05:53:43'),
(101, 'Metformin Hj', 64, 23000.00, '2025-03-24 05:54:18', '2025-05-06 17:29:36'),
(102, 'Methylprednisolone 4', 7, 34000.00, '2025-03-24 05:54:55', '2025-03-24 05:54:55'),
(103, 'Metiagin Inj', 5, 16000.00, '2025-03-24 05:56:13', '2025-03-24 05:56:13'),
(104, 'Microginon', 41, 18900.00, '2025-03-24 05:56:38', '2025-05-14 02:32:15'),
(105, 'Microlax Enerma 5ml', 66, 18000.00, '2025-03-24 05:57:16', '2025-05-14 02:38:10'),
(106, 'Meomtason Cr', 14, 17000.00, '2025-03-24 05:57:53', '2025-03-24 05:57:53'),
(107, 'Molacort', 75, 23000.00, '2025-03-24 05:59:44', '2025-05-06 17:30:54'),
(108, 'Morages Inj 2ml', 7, 17000.00, '2025-03-24 06:00:16', '2025-03-24 06:00:16'),
(109, 'Nacl Satoria', 53, 14000.00, '2025-03-24 06:00:47', '2025-05-14 02:17:33'),
(110, 'Neurobion 5000 Inj', 18, 15000.00, '2025-03-24 06:01:17', '2025-05-06 17:35:09'),
(111, 'Neurotropic Inj', 56, 18300.00, '2025-03-24 06:01:42', '2025-03-24 06:01:42'),
(112, 'Nexitra', 7, 17000.00, '2025-03-24 06:02:10', '2025-03-24 06:02:10'),
(113, 'Nisagon cr', 35, 13000.00, '2025-03-24 06:03:10', '2025-03-24 06:03:10'),
(114, 'Nisagon Cream 5 gr', 67, 19000.00, '2025-03-24 06:05:12', '2025-05-06 17:31:38'),
(115, 'Novabiotik', 44, 17000.00, '2025-03-24 06:05:53', '2025-05-14 02:34:11'),
(116, 'Novagesic 500 mg', 5, 34000.00, '2025-03-24 06:06:38', '2025-05-04 00:54:06'),
(117, 'Novakal Btl', 30, 6000.00, '2025-03-24 06:07:13', '2025-03-24 06:07:13'),
(118, 'Novamox Tab', 90, 20000.00, '2025-03-24 06:07:44', '2025-05-14 02:31:05'),
(119, 'Nufadol Syrup 60 Ml', 13, 34000.00, '2025-03-24 06:08:31', '2025-03-24 06:08:31'),
(120, 'Omedom Tab', 8, 16000.00, '2025-03-24 06:09:02', '2025-03-24 06:09:02'),
(121, 'Omegdiar', 11, 13000.00, '2025-03-24 06:09:41', '2025-03-24 06:09:41'),
(122, 'Omegzol', 6, 14000.00, '2025-03-24 06:10:27', '2025-03-24 06:10:27'),
(123, 'Omeroxol', 17, 20000.00, '2025-03-24 06:11:04', '2025-03-24 06:11:04'),
(124, 'Ondancentron 4mg Inj', 42, 14000.00, '2025-03-24 06:11:41', '2025-05-14 02:43:50'),
(125, 'Oralit', 5, 20000.00, '2025-03-24 06:12:01', '2025-03-24 06:12:01'),
(126, 'Oxitosin Inj Ethica', 2, 10000.00, '2025-03-24 06:12:47', '2025-05-06 17:16:02'),
(127, 'Paracetamol Infus Ber', 8, 35000.00, '2025-03-24 06:14:08', '2025-05-14 02:24:08'),
(128, 'Pachdin Cough sy', 54, 8000.00, '2025-03-24 06:14:53', '2025-05-14 02:34:11'),
(129, 'Permethrin 5% 10gr', 5, 34000.00, '2025-03-24 06:15:29', '2025-03-24 06:15:29'),
(130, 'Phytomenadion', 6, 34000.00, '2025-03-24 06:16:16', '2025-03-24 06:16:16'),
(131, 'Piroxicam', 60, 40000.00, '2025-03-24 06:16:58', '2025-03-24 06:16:58'),
(132, 'Povidon 30ml', 22, 34000.00, '2025-03-24 06:17:25', '2025-03-24 06:17:25'),
(133, 'Primavon Strip', 7, 13000.00, '2025-03-24 06:17:45', '2025-03-24 06:17:45'),
(134, 'Primavon Syrup', 56, 44000.00, '2025-03-24 06:20:31', '2025-03-24 06:20:53'),
(135, 'Pularex', 55, 17000.00, '2025-03-24 06:21:46', '2025-05-06 17:11:41'),
(136, 'Puralex Tab', 20, 34000.00, '2025-03-24 06:22:11', '2025-03-24 06:22:11'),
(137, 'Ramolit Sachet isi 5', 12, 46000.00, '2025-03-24 06:22:41', '2025-03-24 06:22:41'),
(138, 'Ranitidin Inj Ethica', 56, 45000.00, '2025-03-24 06:23:36', '2025-03-24 06:23:36'),
(139, 'Ranitidin Inj Mersi', 30, 30000.00, '2025-03-24 06:24:00', '2025-03-24 06:24:00'),
(140, 'Recodryl Inj', 29, 30000.00, '2025-03-24 06:25:00', '2025-03-24 06:25:00'),
(141, 'Renabetic', 23, 33000.00, '2025-03-24 06:25:18', '2025-03-24 06:25:18'),
(142, 'RL Otsu', 45, 30000.00, '2025-03-24 06:25:50', '2025-03-24 06:25:50'),
(143, 'Salbutamol 2mg Fm', 36, 25000.00, '2025-03-24 06:26:21', '2025-03-24 06:26:21'),
(144, 'Sanmag Syrup', 4, 45000.00, '2025-03-24 06:29:34', '2025-05-14 02:20:30'),
(145, 'Sanmol Drop', 45, 12000.00, '2025-03-24 06:30:17', '2025-03-24 06:30:17'),
(146, 'Sensi Pad', 34, 10000.00, '2025-03-24 06:30:44', '2025-03-24 06:30:44'),
(147, 'Simvastatin 10 mg tab 100 Shampharindo', 42, 12000.00, '2025-03-24 06:32:14', '2025-05-06 17:07:51'),
(148, 'Simvastatin 20 mg Nova', 51, 32000.00, '2025-03-24 07:52:37', '2025-03-24 07:52:37'),
(149, 'Sirplus 100 ml', 23, 45000.00, '2025-03-24 07:53:27', '2025-03-24 07:53:27'),
(150, 'Spuid 1 Ml Tubercullin Onemed', 2, 32100.00, '2025-03-24 07:54:10', '2025-03-24 07:54:10'),
(151, 'Spuid 3 Ml Onemed', 5, 31000.00, '2025-03-24 07:54:47', '2025-05-04 00:54:33'),
(152, 'Spuit 10 cc OM', 10, 23000.00, '2025-03-24 07:55:21', '2025-03-24 07:55:21'),
(153, 'Spuit 3 cc OM', 8, 8000.00, '2025-03-24 07:55:57', '2025-03-24 07:55:57'),
(154, 'Spuit 5 cc OM', 78, 20000.00, '2025-03-24 07:56:26', '2025-03-24 07:56:26'),
(155, 'Stanza 500mg', 66, 37400.00, '2025-03-24 07:57:21', '2025-03-24 07:57:21'),
(156, 'Stick Easy Asam Urat', 23, 22300.00, '2025-03-24 07:58:41', '2025-03-24 07:58:41'),
(157, 'Stick Easy Gda', 34, 33200.00, '2025-03-24 07:59:21', '2025-03-24 07:59:21'),
(158, 'Stick Easy Kolestrol', 18, 45000.00, '2025-03-24 07:59:49', '2025-05-14 02:32:14'),
(159, 'Sucrafat Syrup', 52, 29300.00, '2025-03-24 08:00:19', '2025-05-06 17:21:02'),
(160, 'Teosal', 4, 7000.00, '2025-03-24 08:00:38', '2025-03-24 08:00:38'),
(161, 'Tera - F isi 100 Kaplet', 6, 23000.00, '2025-03-24 08:01:12', '2025-03-24 08:01:12'),
(162, 'Tialysin Syrup', 23, 34000.00, '2025-03-24 08:01:39', '2025-03-24 08:01:39'),
(163, 'Tialysin Syrup', 23, 34000.00, '2025-03-24 08:01:40', '2025-03-24 08:01:40'),
(164, 'Tiavit K Inj', 67, 56000.00, '2025-03-24 08:01:58', '2025-03-24 08:01:58'),
(165, 'Trhormbopop', 67, 34000.00, '2025-03-24 08:02:35', '2025-03-24 08:02:35'),
(166, 'Triocid Btl 100 Tab', 67, 24000.00, '2025-03-24 08:05:57', '2025-03-24 08:05:57'),
(167, 'Triocid Syrup', 55, 24000.00, '2025-03-24 08:06:40', '2025-03-24 08:06:40'),
(168, 'Ultrafix 10 x 5', 53, 30000.00, '2025-03-24 08:07:05', '2025-03-24 08:07:05'),
(169, 'Underpad Dr.j', 6, 6700.00, '2025-03-24 08:07:35', '2025-03-24 08:07:35'),
(170, 'Venvlon 20Bd', 52, 20300.00, '2025-03-24 08:08:03', '2025-05-14 02:41:01'),
(171, 'Venvlon 22Bd', 4, 35600.00, '2025-03-24 08:08:45', '2025-05-14 02:43:49'),
(172, 'Vesperum Syrup 60 Ml', 43, 43000.00, '2025-03-24 08:09:09', '2025-05-06 17:20:12'),
(173, 'Vesperum Tab', 38, 38000.00, '2025-03-24 08:09:30', '2025-03-24 08:09:30'),
(174, 'Vit B Complex Pim 100', 0, 43000.00, '2025-03-24 08:09:57', '2025-05-14 02:22:19'),
(175, 'Vit B1 5 mg Pim', 55, 34000.00, '2025-03-24 08:10:26', '2025-05-14 02:22:19'),
(176, 'Vit B6', 60, 34600.00, '2025-03-24 08:10:44', '2025-05-14 02:41:01'),
(177, 'Vit B Complex IPI', 43, 34000.00, '2025-03-24 08:11:19', '2025-05-14 02:38:53'),
(178, 'Vosea', 4, 43000.00, '2025-03-24 08:11:53', '2025-03-24 08:11:53'),
(179, 'WFI', 48, 23000.00, '2025-03-24 08:12:07', '2025-05-14 02:21:31'),
(180, 'Zelona', 30, 32800.00, '2025-03-24 08:12:33', '2025-05-14 02:39:35'),
(181, 'Zenichlor Syrup', 6, 34000.00, '2025-03-24 08:13:05', '2025-03-24 08:13:05'),
(182, 'Zenirex Syrup', 8, 45000.00, '2025-03-24 08:14:31', '2025-03-24 08:14:31'),
(183, 'Zetamol 100 Klg', 6, 50000.00, '2025-03-24 08:15:02', '2025-03-24 08:15:02'),
(184, 'degirol', 25, 15000.00, '2025-04-26 04:37:57', '2025-05-06 17:13:23'),
(185, 'Paracetamol Tab', 30, 5000.00, '2025-05-14 02:25:34', '2025-05-14 02:43:49');

-- --------------------------------------------------------

--
-- Struktur dari tabel `password_reset_tokens`
--

CREATE TABLE `password_reset_tokens` (
  `email` varchar(255) CHARACTER SET utf8mb4 COLLATE utf8mb4_unicode_ci NOT NULL,
  `token` varchar(255) CHARACTER SET utf8mb4 COLLATE utf8mb4_unicode_ci NOT NULL,
  `created_at` timestamp NULL DEFAULT NULL
) ENGINE=InnoDB DEFAULT CHARSET=utf8mb4 COLLATE=utf8mb4_unicode_ci;

-- --------------------------------------------------------

--
-- Struktur dari tabel `personal_access_tokens`
--

CREATE TABLE `personal_access_tokens` (
  `id` bigint UNSIGNED NOT NULL,
  `tokenable_type` varchar(255) CHARACTER SET utf8mb4 COLLATE utf8mb4_unicode_ci NOT NULL,
  `tokenable_id` bigint UNSIGNED NOT NULL,
  `name` varchar(255) CHARACTER SET utf8mb4 COLLATE utf8mb4_unicode_ci NOT NULL,
  `token` varchar(64) CHARACTER SET utf8mb4 COLLATE utf8mb4_unicode_ci NOT NULL,
  `abilities` text CHARACTER SET utf8mb4 COLLATE utf8mb4_unicode_ci,
  `last_used_at` timestamp NULL DEFAULT NULL,
  `expires_at` timestamp NULL DEFAULT NULL,
  `created_at` timestamp NULL DEFAULT NULL,
  `updated_at` timestamp NULL DEFAULT NULL
) ENGINE=InnoDB DEFAULT CHARSET=utf8mb4 COLLATE=utf8mb4_unicode_ci;

-- --------------------------------------------------------

--
-- Struktur dari tabel `transaksis`
--

CREATE TABLE `transaksis` (
  `id` bigint UNSIGNED NOT NULL,
  `total_harga` decimal(10,2) NOT NULL,
  `created_at` timestamp NULL DEFAULT NULL,
  `updated_at` timestamp NULL DEFAULT NULL
) ENGINE=InnoDB DEFAULT CHARSET=utf8mb4 COLLATE=utf8mb4_unicode_ci;

--
-- Dumping data untuk tabel `transaksis`
--

INSERT INTO `transaksis` (`id`, `total_harga`, `created_at`, `updated_at`) VALUES
(1, 90000.00, '2025-01-24 19:15:27', '2025-03-24 19:15:28'),
(2, 35000.00, '2025-03-24 19:24:44', '2025-03-24 19:24:44'),
(3, 60000.00, '2025-04-23 02:24:18', '2025-04-23 02:24:18'),
(5, 13000.00, '2025-04-23 02:36:55', '2025-04-23 02:36:55'),
(6, 10000.00, '2025-05-04 00:52:25', '2025-05-04 00:52:25'),
(7, 41000.00, '2025-05-04 00:53:17', '2025-05-04 00:53:17'),
(8, 106000.00, '2025-05-04 00:54:06', '2025-05-04 00:54:07'),
(9, 31000.00, '2025-05-04 00:54:33', '2025-05-04 00:54:33'),
(10, 53000.00, '2025-05-04 00:55:06', '2025-05-04 00:55:06'),
(11, 17000.00, '2025-05-06 17:02:49', '2025-05-06 17:02:49'),
(12, 32000.00, '2025-05-06 17:03:16', '2025-05-06 17:03:17'),
(13, 100000.00, '2025-05-06 17:03:30', '2025-05-06 17:03:31'),
(14, 157500.00, '2025-05-06 17:04:31', '2025-05-06 17:04:31'),
(15, 247000.00, '2025-05-06 17:04:47', '2025-05-06 17:04:47'),
(16, 43000.00, '2025-05-06 17:05:33', '2025-05-06 17:05:34'),
(17, 350000.00, '2025-05-06 17:06:06', '2025-05-06 17:06:07'),
(18, 43000.00, '2025-05-06 17:06:39', '2025-05-06 17:06:39'),
(19, 77600.00, '2025-05-06 17:07:04', '2025-05-06 17:07:04'),
(20, 164000.00, '2025-05-06 17:07:20', '2025-05-06 17:07:20'),
(21, 92000.00, '2025-05-06 17:07:34', '2025-05-06 17:07:34'),
(22, 168000.00, '2025-05-06 17:07:51', '2025-05-06 17:07:51'),
(23, 340000.00, '2025-05-06 17:08:09', '2025-05-06 17:08:09'),
(24, 115000.00, '2025-05-06 17:08:32', '2025-05-06 17:08:32'),
(25, 22000.00, '2025-05-06 17:08:50', '2025-05-06 17:08:51'),
(26, 106400.00, '2025-05-06 17:09:30', '2025-05-06 17:09:31'),
(27, 20000.00, '2025-05-06 17:10:08', '2025-05-06 17:10:09'),
(28, 22500.00, '2025-05-06 17:10:21', '2025-05-06 17:10:22'),
(29, 133000.00, '2025-05-06 17:10:47', '2025-05-06 17:10:47'),
(30, 8000.00, '2025-05-06 17:11:00', '2025-05-06 17:11:01'),
(31, 24000.00, '2025-05-06 17:11:41', '2025-05-06 17:11:41'),
(32, 162000.00, '2025-05-06 17:12:17', '2025-05-06 17:12:17'),
(33, 324000.00, '2025-05-06 17:13:01', '2025-05-06 17:13:02'),
(34, 75000.00, '2025-05-06 17:13:23', '2025-05-06 17:13:23'),
(35, 26000.00, '2025-05-06 17:13:55', '2025-05-06 17:13:56'),
(36, 245000.00, '2025-05-06 17:14:24', '2025-05-06 17:14:25'),
(37, 540000.00, '2025-05-06 17:14:44', '2025-05-06 17:14:44'),
(38, 500000.00, '2025-05-06 17:15:07', '2025-05-06 17:15:07'),
(39, 105000.00, '2025-05-06 17:15:26', '2025-05-06 17:15:26'),
(40, 33000.00, '2025-05-06 17:16:02', '2025-05-06 17:16:03'),
(41, 43000.00, '2025-05-06 17:16:23', '2025-05-06 17:16:23'),
(42, 204000.00, '2025-05-06 17:17:58', '2025-05-06 17:17:59'),
(43, 42000.00, '2025-05-06 17:18:45', '2025-05-06 17:18:45'),
(44, 212500.00, '2025-05-06 17:19:50', '2025-05-06 17:19:51'),
(46, 184200.00, '2025-05-06 17:21:02', '2025-05-06 17:21:03'),
(47, 152000.00, '2025-05-06 17:21:41', '2025-05-06 17:21:42'),
(48, 116400.00, '2025-05-06 17:23:00', '2025-05-06 17:23:00'),
(49, 78000.00, '2025-05-06 17:23:26', '2025-05-06 17:23:27'),
(50, 66000.00, '2025-05-06 17:24:05', '2025-05-06 17:24:05'),
(51, 26000.00, '2025-05-06 17:24:25', '2025-05-06 17:24:25'),
(52, 27000.00, '2025-05-06 17:25:39', '2025-05-06 17:25:39'),
(53, 30500.00, '2025-05-06 17:26:52', '2025-05-06 17:26:53'),
(54, 27000.00, '2025-05-06 17:27:32', '2025-05-06 17:27:33'),
(55, 19000.00, '2025-05-06 17:28:41', '2025-05-06 17:28:41'),
(56, 4500.00, '2025-05-06 17:29:11', '2025-05-06 17:29:11'),
(57, 35000.00, '2025-05-06 17:29:35', '2025-05-06 17:29:36'),
(58, 15500.00, '2025-05-06 17:30:08', '2025-05-06 17:30:08'),
(59, 23000.00, '2025-05-06 17:30:54', '2025-05-06 17:30:54'),
(60, 12000.00, '2025-05-06 17:31:09', '2025-05-06 17:31:09'),
(61, 15000.00, '2025-05-06 17:31:20', '2025-05-06 17:31:21'),
(62, 19000.00, '2025-05-06 17:31:38', '2025-05-06 17:31:38'),
(63, 15000.00, '2025-05-06 17:31:52', '2025-05-06 17:31:52'),
(64, 1500.00, '2025-05-06 17:32:41', '2025-05-06 17:32:41'),
(65, 12000.00, '2025-05-06 17:33:39', '2025-05-06 17:33:39'),
(66, 8000.00, '2025-05-06 17:34:39', '2025-05-06 17:34:40'),
(67, 5000.00, '2025-05-06 17:34:55', '2025-05-06 17:34:55'),
(68, 15000.00, '2025-05-06 17:35:09', '2025-05-06 17:35:10'),
(69, 28000.00, '2025-05-06 17:36:45', '2025-05-06 17:36:45'),
(70, 25000.00, '2025-05-06 17:37:04', '2025-05-06 17:37:05'),
(71, 25000.00, '2025-05-06 17:37:06', '2025-05-06 17:37:07'),
(72, 34000.00, '2025-05-06 17:37:48', '2025-05-06 17:37:48'),
(73, 19000.00, '2025-05-14 02:17:33', '2025-05-14 02:17:33'),
(74, 6600.00, '2025-05-14 02:17:49', '2025-05-14 02:17:50'),
(75, 39000.00, '2025-05-14 02:18:16', '2025-05-14 02:18:16'),
(76, 35000.00, '2025-05-14 02:18:53', '2025-05-14 02:18:54'),
(77, 22500.00, '2025-05-14 02:19:11', '2025-05-14 02:19:12'),
(78, 31000.00, '2025-05-14 02:19:36', '2025-05-14 02:19:36'),
(79, 50000.00, '2025-05-14 02:20:02', '2025-05-14 02:20:02'),
(80, 45000.00, '2025-05-14 02:20:30', '2025-05-14 02:20:30'),
(81, 30000.00, '2025-05-14 02:20:43', '2025-05-14 02:20:43'),
(82, 47500.00, '2025-05-14 02:21:08', '2025-05-14 02:21:08'),
(83, 23000.00, '2025-05-14 02:21:31', '2025-05-14 02:21:31'),
(84, 145600.00, '2025-05-14 02:22:18', '2025-05-14 02:22:19'),
(85, 55000.00, '2025-05-14 02:24:08', '2025-05-14 02:24:08'),
(86, 18000.00, '2025-05-14 02:26:31', '2025-05-14 02:26:31'),
(87, 17000.00, '2025-05-14 02:27:01', '2025-05-14 02:27:01'),
(88, 267200.00, '2025-05-14 02:30:11', '2025-05-14 02:30:11'),
(89, 39600.00, '2025-05-14 02:30:37', '2025-05-14 02:30:37'),
(90, 57500.00, '2025-05-14 02:31:05', '2025-05-14 02:31:05'),
(91, 300600.00, '2025-05-14 02:32:14', '2025-05-14 02:32:15'),
(92, 64000.00, '2025-05-14 02:34:11', '2025-05-14 02:34:12'),
(93, 7000.00, '2025-05-14 02:34:30', '2025-05-14 02:34:30'),
(94, 28000.00, '2025-05-14 02:34:50', '2025-05-14 02:34:50'),
(95, 35300.00, '2025-05-14 02:35:50', '2025-05-14 02:35:50'),
(96, 103800.00, '2025-05-14 02:36:13', '2025-05-14 02:36:13'),
(97, 23000.00, '2025-05-14 02:37:09', '2025-05-14 02:37:10'),
(98, 45000.00, '2025-05-14 02:38:10', '2025-05-14 02:38:11'),
(99, 66000.00, '2025-05-14 02:38:53', '2025-05-14 02:38:54'),
(100, 295200.00, '2025-05-14 02:39:35', '2025-05-14 02:39:35'),
(101, 125900.00, '2025-05-14 02:41:00', '2025-05-14 02:41:02'),
(102, 128600.00, '2025-05-14 02:43:48', '2025-05-14 02:43:50');

-- --------------------------------------------------------

--
-- Struktur dari tabel `transaksi_details`
--

CREATE TABLE `transaksi_details` (
  `id` bigint UNSIGNED NOT NULL,
  `transaksi_id` bigint UNSIGNED NOT NULL,
  `obat_id` bigint UNSIGNED NOT NULL,
  `jumlah` int NOT NULL,
  `subtotal` decimal(10,2) NOT NULL,
  `created_at` timestamp NULL DEFAULT NULL,
  `updated_at` timestamp NULL DEFAULT NULL
) ENGINE=InnoDB DEFAULT CHARSET=utf8mb4 COLLATE=utf8mb4_unicode_ci;

--
-- Dumping data untuk tabel `transaksi_details`
--

INSERT INTO `transaksi_details` (`id`, `transaksi_id`, `obat_id`, `jumlah`, `subtotal`, `created_at`, `updated_at`) VALUES
(1, 1, 6, 6, 60000.00, '2025-03-24 19:15:27', '2025-03-24 19:15:27'),
(2, 1, 40, 2, 30000.00, '2025-03-24 19:15:28', '2025-03-24 19:15:28'),
(3, 2, 1, 5, 35000.00, '2025-03-24 19:24:44', '2025-03-24 19:24:44'),
(4, 3, 26, 5, 60000.00, '2025-04-23 02:24:18', '2025-04-23 02:24:18'),
(7, 5, 1, 1, 7000.00, '2025-04-23 02:36:55', '2025-04-23 02:36:55'),
(8, 5, 45, 1, 6000.00, '2025-04-23 02:36:55', '2025-04-23 02:36:55'),
(9, 6, 56, 1, 5000.00, '2025-05-04 00:52:25', '2025-05-04 00:52:25'),
(10, 6, 47, 1, 5000.00, '2025-05-04 00:52:25', '2025-05-04 00:52:25'),
(11, 7, 1, 1, 7000.00, '2025-05-04 00:53:17', '2025-05-04 00:53:17'),
(12, 7, 175, 1, 34000.00, '2025-05-04 00:53:17', '2025-05-04 00:53:17'),
(13, 8, 116, 1, 34000.00, '2025-05-04 00:54:06', '2025-05-04 00:54:06'),
(14, 8, 63, 1, 60000.00, '2025-05-04 00:54:06', '2025-05-04 00:54:06'),
(15, 8, 62, 1, 12000.00, '2025-05-04 00:54:07', '2025-05-04 00:54:07'),
(16, 9, 151, 1, 31000.00, '2025-05-04 00:54:33', '2025-05-04 00:54:33'),
(17, 10, 58, 1, 13000.00, '2025-05-04 00:55:06', '2025-05-04 00:55:06'),
(18, 10, 88, 1, 20000.00, '2025-05-04 00:55:06', '2025-05-04 00:55:06'),
(19, 10, 118, 1, 20000.00, '2025-05-04 00:55:06', '2025-05-04 00:55:06'),
(20, 11, 1, 1, 7000.00, '2025-05-06 17:02:49', '2025-05-06 17:02:49'),
(21, 11, 12, 1, 10000.00, '2025-05-06 17:02:49', '2025-05-06 17:02:49'),
(22, 12, 25, 1, 4000.00, '2025-05-06 17:03:16', '2025-05-06 17:03:16'),
(23, 12, 12, 1, 10000.00, '2025-05-06 17:03:17', '2025-05-06 17:03:17'),
(24, 12, 15, 1, 18000.00, '2025-05-06 17:03:17', '2025-05-06 17:03:17'),
(25, 13, 5, 5, 100000.00, '2025-05-06 17:03:30', '2025-05-06 17:03:30'),
(26, 14, 2, 5, 112500.00, '2025-05-06 17:04:31', '2025-05-06 17:04:31'),
(27, 14, 13, 3, 45000.00, '2025-05-06 17:04:31', '2025-05-06 17:04:31'),
(28, 15, 114, 13, 247000.00, '2025-05-06 17:04:47', '2025-05-06 17:04:47'),
(29, 16, 75, 1, 15000.00, '2025-05-06 17:05:33', '2025-05-06 17:05:33'),
(30, 16, 90, 1, 28000.00, '2025-05-06 17:05:34', '2025-05-06 17:05:34'),
(31, 17, 82, 7, 175000.00, '2025-05-06 17:06:06', '2025-05-06 17:06:06'),
(32, 17, 83, 7, 175000.00, '2025-05-06 17:06:07', '2025-05-06 17:06:07'),
(33, 18, 172, 1, 43000.00, '2025-05-06 17:06:39', '2025-05-06 17:06:39'),
(34, 19, 174, 1, 43000.00, '2025-05-06 17:07:04', '2025-05-06 17:07:04'),
(35, 19, 176, 1, 34600.00, '2025-05-06 17:07:04', '2025-05-06 17:07:04'),
(36, 20, 180, 5, 164000.00, '2025-05-06 17:07:20', '2025-05-06 17:07:20'),
(37, 21, 101, 4, 92000.00, '2025-05-06 17:07:34', '2025-05-06 17:07:34'),
(38, 22, 147, 14, 168000.00, '2025-05-06 17:07:51', '2025-05-06 17:07:51'),
(39, 23, 175, 10, 340000.00, '2025-05-06 17:08:09', '2025-05-06 17:08:09'),
(40, 24, 179, 5, 115000.00, '2025-05-06 17:08:32', '2025-05-06 17:08:32'),
(41, 25, 1, 1, 7000.00, '2025-05-06 17:08:50', '2025-05-06 17:08:50'),
(42, 25, 13, 1, 15000.00, '2025-05-06 17:08:50', '2025-05-06 17:08:50'),
(43, 26, 79, 1, 50000.00, '2025-05-06 17:09:30', '2025-05-06 17:09:30'),
(44, 26, 59, 1, 17000.00, '2025-05-06 17:09:30', '2025-05-06 17:09:30'),
(45, 26, 45, 1, 6000.00, '2025-05-06 17:09:30', '2025-05-06 17:09:30'),
(46, 26, 18, 1, 33400.00, '2025-05-06 17:09:31', '2025-05-06 17:09:31'),
(47, 27, 126, 2, 20000.00, '2025-05-06 17:10:09', '2025-05-06 17:10:09'),
(48, 28, 2, 1, 22500.00, '2025-05-06 17:10:22', '2025-05-06 17:10:22'),
(49, 29, 114, 7, 133000.00, '2025-05-06 17:10:47', '2025-05-06 17:10:47'),
(50, 30, 54, 2, 8000.00, '2025-05-06 17:11:00', '2025-05-06 17:11:00'),
(51, 31, 1, 1, 7000.00, '2025-05-06 17:11:41', '2025-05-06 17:11:41'),
(52, 31, 135, 1, 17000.00, '2025-05-06 17:11:41', '2025-05-06 17:11:41'),
(53, 32, 99, 3, 42000.00, '2025-05-06 17:12:17', '2025-05-06 17:12:17'),
(54, 32, 72, 3, 120000.00, '2025-05-06 17:12:17', '2025-05-06 17:12:17'),
(55, 33, 73, 6, 84000.00, '2025-05-06 17:13:02', '2025-05-06 17:13:02'),
(56, 33, 72, 6, 240000.00, '2025-05-06 17:13:02', '2025-05-06 17:13:02'),
(57, 34, 184, 5, 75000.00, '2025-05-06 17:13:23', '2025-05-06 17:13:23'),
(58, 35, 48, 2, 26000.00, '2025-05-06 17:13:55', '2025-05-06 17:13:55'),
(59, 36, 4, 7, 105000.00, '2025-05-06 17:14:24', '2025-05-06 17:14:24'),
(60, 36, 5, 7, 140000.00, '2025-05-06 17:14:24', '2025-05-06 17:14:24'),
(61, 37, 68, 30, 540000.00, '2025-05-06 17:14:44', '2025-05-06 17:14:44'),
(62, 38, 82, 20, 500000.00, '2025-05-06 17:15:07', '2025-05-06 17:15:07'),
(63, 39, 127, 3, 105000.00, '2025-05-06 17:15:26', '2025-05-06 17:15:26'),
(64, 40, 126, 1, 10000.00, '2025-05-06 17:16:02', '2025-05-06 17:16:02'),
(65, 40, 107, 1, 23000.00, '2025-05-06 17:16:02', '2025-05-06 17:16:02'),
(66, 41, 174, 1, 43000.00, '2025-05-06 17:16:23', '2025-05-06 17:16:23'),
(67, 42, 85, 4, 60000.00, '2025-05-06 17:17:58', '2025-05-06 17:17:58'),
(68, 42, 60, 4, 18000.00, '2025-05-06 17:17:58', '2025-05-06 17:17:58'),
(69, 42, 109, 2, 28000.00, '2025-05-06 17:17:58', '2025-05-06 17:17:58'),
(70, 42, 99, 7, 98000.00, '2025-05-06 17:17:58', '2025-05-06 17:17:58'),
(71, 43, 55, 2, 42000.00, '2025-05-06 17:18:45', '2025-05-06 17:18:45'),
(72, 44, 2, 5, 112500.00, '2025-05-06 17:19:50', '2025-05-06 17:19:50'),
(73, 44, 118, 5, 100000.00, '2025-05-06 17:19:51', '2025-05-06 17:19:51'),
(75, 46, 159, 4, 117200.00, '2025-05-06 17:21:02', '2025-05-06 17:21:02'),
(76, 46, 67, 1, 17000.00, '2025-05-06 17:21:03', '2025-05-06 17:21:03'),
(77, 46, 81, 5, 50000.00, '2025-05-06 17:21:03', '2025-05-06 17:21:03'),
(78, 47, 93, 7, 112000.00, '2025-05-06 17:21:41', '2025-05-06 17:21:41'),
(79, 47, 94, 2, 40000.00, '2025-05-06 17:21:42', '2025-05-06 17:21:42'),
(80, 48, 28, 1, 20000.00, '2025-05-06 17:23:00', '2025-05-06 17:23:00'),
(81, 48, 46, 1, 7000.00, '2025-05-06 17:23:00', '2025-05-06 17:23:00'),
(82, 48, 73, 4, 56000.00, '2025-05-06 17:23:00', '2025-05-06 17:23:00'),
(83, 48, 18, 1, 33400.00, '2025-05-06 17:23:00', '2025-05-06 17:23:00'),
(84, 49, 1, 3, 21000.00, '2025-05-06 17:23:27', '2025-05-06 17:23:27'),
(85, 49, 10, 3, 18000.00, '2025-05-06 17:23:27', '2025-05-06 17:23:27'),
(86, 49, 9, 3, 39000.00, '2025-05-06 17:23:27', '2025-05-06 17:23:27'),
(87, 50, 91, 2, 36000.00, '2025-05-06 17:24:05', '2025-05-06 17:24:05'),
(88, 50, 39, 20, 30000.00, '2025-05-06 17:24:05', '2025-05-06 17:24:05'),
(89, 51, 58, 2, 26000.00, '2025-05-06 17:24:25', '2025-05-06 17:24:25'),
(90, 52, 37, 1, 13000.00, '2025-05-06 17:25:39', '2025-05-06 17:25:39'),
(91, 52, 41, 2, 14000.00, '2025-05-06 17:25:39', '2025-05-06 17:25:39'),
(92, 53, 34, 1, 8000.00, '2025-05-06 17:26:52', '2025-05-06 17:26:52'),
(93, 53, 2, 1, 22500.00, '2025-05-06 17:26:53', '2025-05-06 17:26:53'),
(94, 54, 34, 1, 8000.00, '2025-05-06 17:27:33', '2025-05-06 17:27:33'),
(95, 54, 1, 1, 7000.00, '2025-05-06 17:27:33', '2025-05-06 17:27:33'),
(96, 54, 11, 1, 12000.00, '2025-05-06 17:27:33', '2025-05-06 17:27:33'),
(97, 55, 34, 2, 16000.00, '2025-05-06 17:28:41', '2025-05-06 17:28:41'),
(98, 55, 39, 2, 3000.00, '2025-05-06 17:28:41', '2025-05-06 17:28:41'),
(99, 56, 39, 3, 4500.00, '2025-05-06 17:29:11', '2025-05-06 17:29:11'),
(100, 57, 101, 1, 23000.00, '2025-05-06 17:29:35', '2025-05-06 17:29:35'),
(101, 57, 51, 1, 12000.00, '2025-05-06 17:29:36', '2025-05-06 17:29:36'),
(102, 58, 73, 1, 14000.00, '2025-05-06 17:30:08', '2025-05-06 17:30:08'),
(103, 58, 39, 1, 1500.00, '2025-05-06 17:30:08', '2025-05-06 17:30:08'),
(104, 59, 107, 1, 23000.00, '2025-05-06 17:30:54', '2025-05-06 17:30:54'),
(105, 60, 51, 1, 12000.00, '2025-05-06 17:31:09', '2025-05-06 17:31:09'),
(106, 61, 85, 1, 15000.00, '2025-05-06 17:31:21', '2025-05-06 17:31:21'),
(107, 62, 114, 1, 19000.00, '2025-05-06 17:31:38', '2025-05-06 17:31:38'),
(108, 63, 40, 1, 15000.00, '2025-05-06 17:31:52', '2025-05-06 17:31:52'),
(109, 64, 39, 1, 1500.00, '2025-05-06 17:32:41', '2025-05-06 17:32:41'),
(110, 65, 11, 1, 12000.00, '2025-05-06 17:33:39', '2025-05-06 17:33:39'),
(111, 66, 34, 1, 8000.00, '2025-05-06 17:34:40', '2025-05-06 17:34:40'),
(112, 67, 56, 1, 5000.00, '2025-05-06 17:34:55', '2025-05-06 17:34:55'),
(113, 68, 110, 1, 15000.00, '2025-05-06 17:35:09', '2025-05-06 17:35:09'),
(114, 69, 73, 2, 28000.00, '2025-05-06 17:36:45', '2025-05-06 17:36:45'),
(115, 70, 42, 1, 10000.00, '2025-05-06 17:37:05', '2025-05-06 17:37:05'),
(116, 70, 13, 1, 15000.00, '2025-05-06 17:37:05', '2025-05-06 17:37:05'),
(117, 71, 42, 1, 10000.00, '2025-05-06 17:37:07', '2025-05-06 17:37:07'),
(118, 71, 13, 1, 15000.00, '2025-05-06 17:37:07', '2025-05-06 17:37:07'),
(119, 72, 57, 2, 34000.00, '2025-05-06 17:37:48', '2025-05-06 17:37:48'),
(120, 73, 56, 1, 5000.00, '2025-05-14 02:17:33', '2025-05-14 02:17:33'),
(121, 73, 109, 1, 14000.00, '2025-05-14 02:17:33', '2025-05-14 02:17:33'),
(122, 74, 50, 2, 6600.00, '2025-05-14 02:17:49', '2025-05-14 02:17:49'),
(123, 75, 53, 1, 5000.00, '2025-05-14 02:18:16', '2025-05-14 02:18:16'),
(124, 75, 87, 1, 34000.00, '2025-05-14 02:18:16', '2025-05-14 02:18:16'),
(125, 76, 99, 1, 14000.00, '2025-05-14 02:18:54', '2025-05-14 02:18:54'),
(126, 76, 80, 1, 6000.00, '2025-05-14 02:18:54', '2025-05-14 02:18:54'),
(127, 76, 13, 1, 15000.00, '2025-05-14 02:18:54', '2025-05-14 02:18:54'),
(128, 77, 2, 1, 22500.00, '2025-05-14 02:19:12', '2025-05-14 02:19:12'),
(129, 78, 57, 1, 17000.00, '2025-05-14 02:19:36', '2025-05-14 02:19:36'),
(130, 78, 99, 1, 14000.00, '2025-05-14 02:19:36', '2025-05-14 02:19:36'),
(131, 79, 82, 1, 25000.00, '2025-05-14 02:20:02', '2025-05-14 02:20:02'),
(132, 79, 83, 1, 25000.00, '2025-05-14 02:20:02', '2025-05-14 02:20:02'),
(133, 80, 144, 1, 45000.00, '2025-05-14 02:20:30', '2025-05-14 02:20:30'),
(134, 81, 85, 2, 30000.00, '2025-05-14 02:20:43', '2025-05-14 02:20:43'),
(135, 82, 96, 1, 7500.00, '2025-05-14 02:21:08', '2025-05-14 02:21:08'),
(136, 82, 72, 1, 40000.00, '2025-05-14 02:21:08', '2025-05-14 02:21:08'),
(137, 83, 179, 1, 23000.00, '2025-05-14 02:21:31', '2025-05-14 02:21:31'),
(138, 84, 174, 1, 43000.00, '2025-05-14 02:22:19', '2025-05-14 02:22:19'),
(139, 84, 175, 1, 34000.00, '2025-05-14 02:22:19', '2025-05-14 02:22:19'),
(140, 84, 176, 1, 34600.00, '2025-05-14 02:22:19', '2025-05-14 02:22:19'),
(141, 84, 177, 1, 34000.00, '2025-05-14 02:22:19', '2025-05-14 02:22:19'),
(142, 85, 7, 1, 20000.00, '2025-05-14 02:24:08', '2025-05-14 02:24:08'),
(143, 85, 127, 1, 35000.00, '2025-05-14 02:24:08', '2025-05-14 02:24:08'),
(144, 86, 185, 1, 5000.00, '2025-05-14 02:26:31', '2025-05-14 02:26:31'),
(145, 86, 1, 1, 7000.00, '2025-05-14 02:26:31', '2025-05-14 02:26:31'),
(146, 86, 10, 1, 6000.00, '2025-05-14 02:26:31', '2025-05-14 02:26:31'),
(147, 87, 185, 1, 5000.00, '2025-05-14 02:27:01', '2025-05-14 02:27:01'),
(148, 87, 62, 1, 12000.00, '2025-05-14 02:27:01', '2025-05-14 02:27:01'),
(149, 88, 18, 8, 267200.00, '2025-05-14 02:30:11', '2025-05-14 02:30:11'),
(150, 89, 176, 1, 34600.00, '2025-05-14 02:30:37', '2025-05-14 02:30:37'),
(151, 89, 185, 1, 5000.00, '2025-05-14 02:30:37', '2025-05-14 02:30:37'),
(152, 90, 2, 1, 22500.00, '2025-05-14 02:31:05', '2025-05-14 02:31:05'),
(153, 90, 13, 1, 15000.00, '2025-05-14 02:31:05', '2025-05-14 02:31:05'),
(154, 90, 118, 1, 20000.00, '2025-05-14 02:31:05', '2025-05-14 02:31:05'),
(155, 91, 158, 5, 225000.00, '2025-05-14 02:32:14', '2025-05-14 02:32:14'),
(156, 91, 104, 4, 75600.00, '2025-05-14 02:32:15', '2025-05-14 02:32:15'),
(157, 92, 128, 1, 8000.00, '2025-05-14 02:34:11', '2025-05-14 02:34:11'),
(158, 92, 115, 1, 17000.00, '2025-05-14 02:34:11', '2025-05-14 02:34:11'),
(159, 92, 99, 1, 14000.00, '2025-05-14 02:34:11', '2025-05-14 02:34:11'),
(160, 92, 73, 1, 14000.00, '2025-05-14 02:34:12', '2025-05-14 02:34:12'),
(161, 92, 185, 1, 5000.00, '2025-05-14 02:34:12', '2025-05-14 02:34:12'),
(162, 92, 69, 1, 6000.00, '2025-05-14 02:34:12', '2025-05-14 02:34:12'),
(163, 93, 1, 1, 7000.00, '2025-05-14 02:34:30', '2025-05-14 02:34:30'),
(164, 94, 16, 1, 13000.00, '2025-05-14 02:34:50', '2025-05-14 02:34:50'),
(165, 94, 13, 1, 15000.00, '2025-05-14 02:34:50', '2025-05-14 02:34:50'),
(166, 95, 170, 1, 20300.00, '2025-05-14 02:35:50', '2025-05-14 02:35:50'),
(167, 95, 13, 1, 15000.00, '2025-05-14 02:35:50', '2025-05-14 02:35:50'),
(168, 96, 176, 3, 103800.00, '2025-05-14 02:36:13', '2025-05-14 02:36:13'),
(169, 97, 45, 1, 6000.00, '2025-05-14 02:37:09', '2025-05-14 02:37:09'),
(170, 97, 59, 1, 17000.00, '2025-05-14 02:37:10', '2025-05-14 02:37:10'),
(171, 98, 105, 1, 18000.00, '2025-05-14 02:38:10', '2025-05-14 02:38:10'),
(172, 98, 13, 1, 15000.00, '2025-05-14 02:38:10', '2025-05-14 02:38:10'),
(173, 98, 11, 1, 12000.00, '2025-05-14 02:38:10', '2025-05-14 02:38:10'),
(174, 99, 51, 1, 12000.00, '2025-05-14 02:38:53', '2025-05-14 02:38:53'),
(175, 99, 177, 1, 34000.00, '2025-05-14 02:38:53', '2025-05-14 02:38:53'),
(176, 99, 7, 1, 20000.00, '2025-05-14 02:38:53', '2025-05-14 02:38:53'),
(177, 100, 180, 9, 295200.00, '2025-05-14 02:39:35', '2025-05-14 02:39:35'),
(178, 101, 7, 1, 20000.00, '2025-05-14 02:41:00', '2025-05-14 02:41:00'),
(179, 101, 10, 1, 6000.00, '2025-05-14 02:41:01', '2025-05-14 02:41:01'),
(180, 101, 14, 1, 15000.00, '2025-05-14 02:41:01', '2025-05-14 02:41:01'),
(181, 101, 93, 1, 16000.00, '2025-05-14 02:41:01', '2025-05-14 02:41:01'),
(182, 101, 124, 1, 14000.00, '2025-05-14 02:41:01', '2025-05-14 02:41:01'),
(183, 101, 170, 1, 20300.00, '2025-05-14 02:41:01', '2025-05-14 02:41:01'),
(184, 101, 176, 1, 34600.00, '2025-05-14 02:41:01', '2025-05-14 02:41:01'),
(185, 102, 171, 1, 35600.00, '2025-05-14 02:43:49', '2025-05-14 02:43:49'),
(186, 102, 91, 1, 18000.00, '2025-05-14 02:43:49', '2025-05-14 02:43:49'),
(187, 102, 16, 1, 13000.00, '2025-05-14 02:43:49', '2025-05-14 02:43:49'),
(188, 102, 19, 1, 16000.00, '2025-05-14 02:43:49', '2025-05-14 02:43:49'),
(189, 102, 73, 1, 14000.00, '2025-05-14 02:43:49', '2025-05-14 02:43:49'),
(190, 102, 185, 1, 5000.00, '2025-05-14 02:43:49', '2025-05-14 02:43:49'),
(191, 102, 124, 1, 14000.00, '2025-05-14 02:43:50', '2025-05-14 02:43:50'),
(192, 102, 16, 1, 13000.00, '2025-05-14 02:43:50', '2025-05-14 02:43:50');

-- --------------------------------------------------------

--
-- Struktur dari tabel `users`
--

CREATE TABLE `users` (
  `id` bigint UNSIGNED NOT NULL,
  `name` varchar(255) CHARACTER SET utf8mb4 COLLATE utf8mb4_unicode_ci NOT NULL,
  `email` varchar(255) CHARACTER SET utf8mb4 COLLATE utf8mb4_unicode_ci NOT NULL,
  `email_verified_at` timestamp NULL DEFAULT NULL,
  `password` varchar(255) CHARACTER SET utf8mb4 COLLATE utf8mb4_unicode_ci NOT NULL,
  `remember_token` varchar(100) CHARACTER SET utf8mb4 COLLATE utf8mb4_unicode_ci DEFAULT NULL,
  `created_at` timestamp NULL DEFAULT NULL,
  `updated_at` timestamp NULL DEFAULT NULL,
  `is_admin` tinyint(1) NOT NULL DEFAULT '0'
) ENGINE=InnoDB DEFAULT CHARSET=utf8mb4 COLLATE=utf8mb4_unicode_ci;

--
-- Dumping data untuk tabel `users`
--

INSERT INTO `users` (`id`, `name`, `email`, `email_verified_at`, `password`, `remember_token`, `created_at`, `updated_at`, `is_admin`) VALUES
(1, 'Admin', 'admin@example.com', NULL, '$2y$12$lE72ZkMt5x.8Jbo0VXdEV./56IZ2/NrLxD16CJAlaq4IWGcev3roi', NULL, '2025-03-24 04:45:57', '2025-04-23 02:51:56', 1);

--
-- Indexes for dumped tables
--

--
-- Indeks untuk tabel `admins`
--
ALTER TABLE `admins`
  ADD PRIMARY KEY (`id`);

--
-- Indeks untuk tabel `failed_jobs`
--
ALTER TABLE `failed_jobs`
  ADD PRIMARY KEY (`id`),
  ADD UNIQUE KEY `failed_jobs_uuid_unique` (`uuid`);

--
-- Indeks untuk tabel `migrations`
--
ALTER TABLE `migrations`
  ADD PRIMARY KEY (`id`);

--
-- Indeks untuk tabel `obats`
--
ALTER TABLE `obats`
  ADD PRIMARY KEY (`id`);

--
-- Indeks untuk tabel `password_reset_tokens`
--
ALTER TABLE `password_reset_tokens`
  ADD PRIMARY KEY (`email`);

--
-- Indeks untuk tabel `personal_access_tokens`
--
ALTER TABLE `personal_access_tokens`
  ADD PRIMARY KEY (`id`),
  ADD UNIQUE KEY `personal_access_tokens_token_unique` (`token`),
  ADD KEY `personal_access_tokens_tokenable_type_tokenable_id_index` (`tokenable_type`,`tokenable_id`);

--
-- Indeks untuk tabel `transaksis`
--
ALTER TABLE `transaksis`
  ADD PRIMARY KEY (`id`);

--
-- Indeks untuk tabel `transaksi_details`
--
ALTER TABLE `transaksi_details`
  ADD PRIMARY KEY (`id`),
  ADD KEY `transaksi_details_transaksi_id_foreign` (`transaksi_id`),
  ADD KEY `transaksi_details_obat_id_foreign` (`obat_id`);

--
-- Indeks untuk tabel `users`
--
ALTER TABLE `users`
  ADD PRIMARY KEY (`id`),
  ADD UNIQUE KEY `users_email_unique` (`email`);

--
-- AUTO_INCREMENT untuk tabel yang dibuang
--

--
-- AUTO_INCREMENT untuk tabel `admins`
--
ALTER TABLE `admins`
  MODIFY `id` bigint UNSIGNED NOT NULL AUTO_INCREMENT;

--
-- AUTO_INCREMENT untuk tabel `failed_jobs`
--
ALTER TABLE `failed_jobs`
  MODIFY `id` bigint UNSIGNED NOT NULL AUTO_INCREMENT;

--
-- AUTO_INCREMENT untuk tabel `migrations`
--
ALTER TABLE `migrations`
  MODIFY `id` int UNSIGNED NOT NULL AUTO_INCREMENT, AUTO_INCREMENT=12;

--
-- AUTO_INCREMENT untuk tabel `obats`
--
ALTER TABLE `obats`
  MODIFY `id` bigint UNSIGNED NOT NULL AUTO_INCREMENT, AUTO_INCREMENT=186;

--
-- AUTO_INCREMENT untuk tabel `personal_access_tokens`
--
ALTER TABLE `personal_access_tokens`
  MODIFY `id` bigint UNSIGNED NOT NULL AUTO_INCREMENT;

--
-- AUTO_INCREMENT untuk tabel `transaksis`
--
ALTER TABLE `transaksis`
  MODIFY `id` bigint UNSIGNED NOT NULL AUTO_INCREMENT, AUTO_INCREMENT=103;

--
-- AUTO_INCREMENT untuk tabel `transaksi_details`
--
ALTER TABLE `transaksi_details`
  MODIFY `id` bigint UNSIGNED NOT NULL AUTO_INCREMENT, AUTO_INCREMENT=193;

--
-- AUTO_INCREMENT untuk tabel `users`
--
ALTER TABLE `users`
  MODIFY `id` bigint UNSIGNED NOT NULL AUTO_INCREMENT, AUTO_INCREMENT=2;

--
-- Ketidakleluasaan untuk tabel pelimpahan (Dumped Tables)
--

--
-- Ketidakleluasaan untuk tabel `transaksi_details`
--
ALTER TABLE `transaksi_details`
  ADD CONSTRAINT `transaksi_details_obat_id_foreign` FOREIGN KEY (`obat_id`) REFERENCES `obats` (`id`) ON DELETE CASCADE,
  ADD CONSTRAINT `transaksi_details_transaksi_id_foreign` FOREIGN KEY (`transaksi_id`) REFERENCES `transaksis` (`id`) ON DELETE CASCADE;
COMMIT;

/*!40101 SET CHARACTER_SET_CLIENT=@OLD_CHARACTER_SET_CLIENT */;
/*!40101 SET CHARACTER_SET_RESULTS=@OLD_CHARACTER_SET_RESULTS */;
/*!40101 SET COLLATION_CONNECTION=@OLD_COLLATION_CONNECTION */;
